-- ============================================================
-- SMARTSHORE HCM — REAL DATA (generated from skilltrack JSON)
-- Run in Supabase SQL Editor AFTER running schema_v2.sql
-- ============================================================

-- Enable uuid extension if not already enabled
CREATE EXTENSION IF NOT EXISTS "pgcrypto";

-- ================================================================
-- DROP & RECREATE TABLES (UUID-based schema)
-- ================================================================

DROP TABLE IF EXISTS assignments      CASCADE;
DROP TABLE IF EXISTS employee_skills  CASCADE;
DROP TABLE IF EXISTS employee_projects CASCADE;
DROP TABLE IF EXISTS projects         CASCADE;
DROP TABLE IF EXISTS employees        CASCADE;
DROP TABLE IF EXISTS board_tasks      CASCADE;
DROP TABLE IF EXISTS task_assignees   CASCADE;
DROP TABLE IF EXISTS task_tags        CASCADE;
DROP TABLE IF EXISTS weekly_utilization CASCADE;

CREATE TABLE employees (
  id             UUID PRIMARY KEY,
  name           TEXT NOT NULL,
  initials       TEXT NOT NULL,
  role           TEXT NOT NULL DEFAULT '',
  email          TEXT DEFAULT '',
  capacity_hours INTEGER DEFAULT 40,
  color          TEXT DEFAULT '#6366f1',
  created_at     TIMESTAMPTZ DEFAULT NOW()
);

CREATE TABLE projects (
  id         UUID PRIMARY KEY,
  name       TEXT NOT NULL,
  client     TEXT DEFAULT '',
  color      TEXT DEFAULT '#3b82f6',
  status     TEXT DEFAULT 'active',
  start_date DATE,
  end_date   DATE,
  created_at TIMESTAMPTZ DEFAULT NOW()
);

CREATE TABLE employee_skills (
  id          UUID PRIMARY KEY DEFAULT gen_random_uuid(),
  employee_id UUID REFERENCES employees(id) ON DELETE CASCADE,
  skill_name  TEXT    NOT NULL,
  skill_level INTEGER DEFAULT 1,
  skill_order INTEGER DEFAULT 0
);

CREATE TABLE assignments (
  id           UUID PRIMARY KEY,
  employee_id  UUID REFERENCES employees(id) ON DELETE CASCADE,
  project_id   UUID REFERENCES projects(id)  ON DELETE CASCADE,
  week_start   DATE    NOT NULL,
  hours        INTEGER NOT NULL DEFAULT 0,
  actual_hours INTEGER NOT NULL DEFAULT 0
);

-- ── RLS (open access — add auth later) ──────────────────────────
ALTER TABLE employees      ENABLE ROW LEVEL SECURITY;
ALTER TABLE projects       ENABLE ROW LEVEL SECURITY;
ALTER TABLE employee_skills ENABLE ROW LEVEL SECURITY;
ALTER TABLE assignments    ENABLE ROW LEVEL SECURITY;

DROP POLICY IF EXISTS anon_all ON employees;
DROP POLICY IF EXISTS anon_all ON projects;
DROP POLICY IF EXISTS anon_all ON employee_skills;
DROP POLICY IF EXISTS anon_all ON assignments;

CREATE POLICY anon_all ON employees      FOR ALL TO anon USING (true) WITH CHECK (true);
CREATE POLICY anon_all ON projects       FOR ALL TO anon USING (true) WITH CHECK (true);
CREATE POLICY anon_all ON employee_skills FOR ALL TO anon USING (true) WITH CHECK (true);
CREATE POLICY anon_all ON assignments    FOR ALL TO anon USING (true) WITH CHECK (true);


-- ================================================================
-- EMPLOYEES
-- ================================================================
INSERT INTO employees (id, name, initials, role, email, capacity_hours, color, created_at) VALUES
  ('6e16f7bf-3002-405b-b55d-bbf90b78c750', 'Pradeep Pallegar', 'PP', 'HCM - Solution Architect and ORC Functional', '', 40, '#6366f1', '2026-04-22T14:22:46.465Z'),
  ('e0f784e5-8ffb-48a2-b03d-f7ffab91a001', 'Sahil Arora', 'SA', 'HCM - Benefits and OTL Functional Lead', '', 40, '#8b5cf6', '2026-04-22T15:23:24.137Z'),
  ('65f6d5d7-60fb-4dfb-b12b-5a1f5ceb24de', 'Pushparaj Dharmaraj', 'PD', 'HCM - Payroll Functional', '', 40, '#ec4899', '2026-04-22T15:25:04.963Z'),
  ('8c6d9163-dbc5-4483-9153-1b315782c679', 'Vengadesh Ganesan', 'VG', 'Data Conversions Lead', '', 40, '#ef4444', '2026-04-22T15:30:07.317Z'),
  ('9860b839-2e2c-4223-b2ca-e23a292c682a', 'Vasanthi Krishnamurthy', 'VK', 'HCM  - Project Manager', '', 40, '#f59e0b', '2026-04-22T15:30:53.920Z'),
  ('37873a67-4b71-44af-9cba-975a9bfe1a61', 'Akhil Vutukuri', 'AV', 'HCM - Core HR and ORC Functional', '', 40, '#10b981', '2026-04-23T04:58:47.142Z'),
  ('64f8bedf-8d30-41a5-9032-cc80dcf9fb19', 'Durga Prasad', 'DP', 'HCM Data Conversions - Developer', '', 40, '#3b82f6', '2026-04-23T05:03:38.710Z'),
  ('94bb5ce4-a479-409a-a321-346851f4d843', 'Gayatri Jinka', 'GJ', 'HCM Data Conversions - Developer', '', 40, '#14b8a6', '2026-04-23T05:06:06.019Z'),
  ('1a4892f2-0c5b-41d8-90e2-3ac9abfdc0d5', 'Damera Ram Babu', 'DR', 'HCM Data Conversions - Developer', '', 40, '#f97316', '2026-04-23T05:07:12.565Z'),
  ('ab82b3b2-a03f-416f-980a-a959f1f1ac54', 'Urjeeth Burlagadda', 'UB', 'HCM - OTL Consultant', 'urjeeth.burlagadda@alithya.com', 40, '#84cc16', '2026-04-23T13:51:16.640Z'),
  ('e65f8fb9-aa49-4fcf-9c10-c81fc838bb9b', 'Seetha Prabhakar', 'SP', 'HCM - Core HR and ORC Functional', 'Seetha.Prabhakar@alithya.com', 40, '#06b6d4', '2026-04-23T13:52:50.146Z'),
  ('050a1ed5-10e2-4848-94a5-832f1a48eb1c', 'Manirathnam Subramanian', 'MS', 'HCM - Technical Lead', 'Manirathnam.Subramanian@alithya.com', 40, '#a855f7', '2026-04-23T14:02:32.902Z'),
  ('6562f37e-9c3f-4664-96e5-36541f8fd510', 'Mohan Yenkaekaluva', 'MY', 'HCM - Data Conversions', 'mohan.yenkaekaluva@alithya.com', 40, '#e11d48', '2026-04-23T14:05:21.608Z'),
  ('7c805a91-7c1a-48c8-bcaf-b78f88d9cbec', 'Arushi Jain', 'AJ', 'HCM - Absence Management Functional Consultant', 'Arushi.Jain@alithya.com', 40, '#d97706', '2026-04-23T14:06:23.637Z'),
  ('8c95e6d2-a77e-4d6c-9539-b16e3b566036', 'Ashish Pandey', 'AP', 'HCM - Core HR and Absence Management Functional', 'ashish.pandey@alithya.com', 40, '#059669', '2026-04-23T14:08:15.633Z'),
  ('c37cbda1-3a02-4926-8e54-a42f00f439ca', 'Shwetha CS', 'SC', 'HCM - Payroll Functional', 'shwetha.cs@alithya.com', 40, '#2563eb', '2026-04-23T14:11:11.335Z'),
  ('68bb108e-1481-44ea-b553-746c9d54d3d9', 'Jyoti Ranjan Das', 'JR', 'HCM - Comp and Talent Mgmt Functional', 'Jyoti.Das@alithya.com', 40, '#0d9488', '2026-04-23T14:12:47.225Z'),
  ('39629517-4eac-43a1-94fe-38d486843977', 'Murugappan Ramaiah', 'MR', 'HCM - Absence Management Functional', 'Murugappan.Ramaiah@alithya.com', 40, '#ea580c', '2026-04-23T14:15:21.151Z'),
  ('e0759114-fcb7-4ed3-b1da-9bdfe0265266', 'Vidyashree Soluru', 'VS', 'Data Conversions - Junior Developer', 'Vidyashree.Soluru@alithya.com', 40, '#65a30d', '2026-04-23T14:16:17.425Z'),
  ('4c189eba-5cd3-46f4-bd94-300d4bb09153', 'Surendra Babu', 'SB', 'HCM - Practice Director', 'surendra.babu@alithya.com', 40, '#7c3aed', '2026-04-23T14:17:36.581Z');

-- ================================================================
-- PROJECTS
-- ================================================================
INSERT INTO projects (id, name, client, color, status, start_date, end_date, created_at) VALUES
  ('f54a4e13-8225-485b-8442-52250e5f7307', 'Black & Veatch - HCM Imp', 'Black & Veatch', '#7c3bed', 'active', '2026-05-01', '2027-07-31', '2026-04-22T14:24:54.813Z'),
  ('269329f8-45bb-4779-8463-c1ad5d31138e', 'CRU - HCM Implementation', 'CRU', '#21c45d', 'active', NULL, '2026-07-31', '2026-04-22T15:25:42.641Z'),
  ('071d4b46-9f2f-4545-8cf8-c32d74983447', 'CNRL - HCM OTL Implementation', 'CNRL', '#ec4699', 'active', NULL, '2026-09-30', '2026-04-22T15:26:41.612Z'),
  ('28038298-9a38-44c2-844b-a6699e49b54e', 'CoM - HCM Implementation', 'City of Miami', '#27beaa', 'active', NULL, '2026-12-31', '2026-04-22T15:27:23.852Z'),
  ('2e1107cc-5c31-4c5b-ad81-952727390e80', 'Mary Greely Health - HCM (Data Conversions)', 'Mary Greely', '#2463eb', 'active', NULL, '2026-12-31', '2026-04-22T15:27:42.614Z'),
  ('f9c66f5c-ad7f-40d0-8bb4-8e9639cc8143', 'Hendricks HCM Implementation', 'Hendricks', '#f59f0a', 'active', '2026-03-02', '2026-12-31', '2026-04-23T05:09:16.969Z'),
  ('b7286143-641e-45fc-a0ca-59b241465df4', 'CK Power - HCM (Core HR, Absence and OTL)', '', '#ec4699', 'active', '2026-01-01', '2026-05-15', '2026-04-23T14:19:45.382Z');

-- ================================================================
-- EMPLOYEE SKILLS
-- ================================================================
INSERT INTO employee_skills (id, employee_id, skill_name, skill_level, skill_order) VALUES
  (gen_random_uuid(), '6e16f7bf-3002-405b-b55d-bbf90b78c750', 'HCM - Core HR', 3, 0),
  (gen_random_uuid(), '6e16f7bf-3002-405b-b55d-bbf90b78c750', 'HCM - ORC', 3, 1),
  (gen_random_uuid(), '6e16f7bf-3002-405b-b55d-bbf90b78c750', 'HCM - Absence Management', 3, 2),
  (gen_random_uuid(), '6e16f7bf-3002-405b-b55d-bbf90b78c750', 'Fast Formulas - Core HR', 3, 3),
  (gen_random_uuid(), '6e16f7bf-3002-405b-b55d-bbf90b78c750', 'Fast Formulas - Absence', 3, 4),
  (gen_random_uuid(), '6e16f7bf-3002-405b-b55d-bbf90b78c750', 'Workflows', 2, 5),
  (gen_random_uuid(), '6e16f7bf-3002-405b-b55d-bbf90b78c750', 'Journeys - ORC', 3, 6),
  (gen_random_uuid(), '6e16f7bf-3002-405b-b55d-bbf90b78c750', 'Journeys - Core HR', 3, 7),
  (gen_random_uuid(), 'e0f784e5-8ffb-48a2-b03d-f7ffab91a001', 'HCM - Benefits', 4, 0),
  (gen_random_uuid(), 'e0f784e5-8ffb-48a2-b03d-f7ffab91a001', 'HCM - Time & Labor', 3, 1),
  (gen_random_uuid(), 'e0f784e5-8ffb-48a2-b03d-f7ffab91a001', 'Fast Formulas - Benefits', 4, 2),
  (gen_random_uuid(), 'e0f784e5-8ffb-48a2-b03d-f7ffab91a001', 'Fast Formulas - OTL', 4, 3),
  (gen_random_uuid(), '65f6d5d7-60fb-4dfb-b12b-5a1f5ceb24de', 'Fast Formulas - Payroll', 3, 0),
  (gen_random_uuid(), '65f6d5d7-60fb-4dfb-b12b-5a1f5ceb24de', 'HCM Extracts', 3, 1),
  (gen_random_uuid(), '65f6d5d7-60fb-4dfb-b12b-5a1f5ceb24de', 'BIP Reports', 3, 2),
  (gen_random_uuid(), '65f6d5d7-60fb-4dfb-b12b-5a1f5ceb24de', 'HCM - Payroll Configurations', 3, 3),
  (gen_random_uuid(), '8c6d9163-dbc5-4483-9153-1b315782c679', 'HCM - Data Conversions', 4, 0),
  (gen_random_uuid(), '8c6d9163-dbc5-4483-9153-1b315782c679', 'HCM - Payroll Configurations', 2, 1),
  (gen_random_uuid(), '9860b839-2e2c-4223-b2ca-e23a292c682a', 'Project Management', 3, 0),
  (gen_random_uuid(), '37873a67-4b71-44af-9cba-975a9bfe1a61', 'HCM - Core HR', 3, 0),
  (gen_random_uuid(), '37873a67-4b71-44af-9cba-975a9bfe1a61', 'HCM - ORC', 3, 1),
  (gen_random_uuid(), '37873a67-4b71-44af-9cba-975a9bfe1a61', 'HCM - Data Conversions', 2, 2),
  (gen_random_uuid(), '37873a67-4b71-44af-9cba-975a9bfe1a61', 'Fast Formulas - Core HR', 3, 3),
  (gen_random_uuid(), '37873a67-4b71-44af-9cba-975a9bfe1a61', 'Journeys - Core HR', 2, 4),
  (gen_random_uuid(), '64f8bedf-8d30-41a5-9032-cc80dcf9fb19', 'Data Conversions - Core HR', 3, 0),
  (gen_random_uuid(), '64f8bedf-8d30-41a5-9032-cc80dcf9fb19', 'Data Conversions - Payroll', 3, 1),
  (gen_random_uuid(), '64f8bedf-8d30-41a5-9032-cc80dcf9fb19', 'Data Conversions - ORC', 2, 2),
  (gen_random_uuid(), '64f8bedf-8d30-41a5-9032-cc80dcf9fb19', 'Data Conversions - Benefits', 2, 3),
  (gen_random_uuid(), '64f8bedf-8d30-41a5-9032-cc80dcf9fb19', 'Data Conversions - Learn', 2, 4),
  (gen_random_uuid(), '64f8bedf-8d30-41a5-9032-cc80dcf9fb19', 'Data Conversions - Talent', 2, 5),
  (gen_random_uuid(), '64f8bedf-8d30-41a5-9032-cc80dcf9fb19', 'Data Conversions - Absence Balances', 2, 6),
  (gen_random_uuid(), '64f8bedf-8d30-41a5-9032-cc80dcf9fb19', 'Data Conversions - Payroll Balances', 2, 7),
  (gen_random_uuid(), '94bb5ce4-a479-409a-a321-346851f4d843', 'Data Conversions - Payroll', 3, 0),
  (gen_random_uuid(), '94bb5ce4-a479-409a-a321-346851f4d843', 'Data Conversions - Core HR', 3, 1),
  (gen_random_uuid(), '94bb5ce4-a479-409a-a321-346851f4d843', 'Data Conversions - Benefits', 2, 2),
  (gen_random_uuid(), '94bb5ce4-a479-409a-a321-346851f4d843', 'Data Conversions - Payroll Balances', 3, 3),
  (gen_random_uuid(), '94bb5ce4-a479-409a-a321-346851f4d843', 'Data Conversions - ORC', 2, 4),
  (gen_random_uuid(), '1a4892f2-0c5b-41d8-90e2-3ac9abfdc0d5', 'Data Conversions - Learn', 3, 0),
  (gen_random_uuid(), '1a4892f2-0c5b-41d8-90e2-3ac9abfdc0d5', 'Data Conversions - ORC', 3, 1),
  (gen_random_uuid(), '1a4892f2-0c5b-41d8-90e2-3ac9abfdc0d5', 'Data Conversions - Core HR', 3, 2),
  (gen_random_uuid(), '1a4892f2-0c5b-41d8-90e2-3ac9abfdc0d5', 'Data Conversions - Absence Balances', 3, 3),
  (gen_random_uuid(), 'ab82b3b2-a03f-416f-980a-a959f1f1ac54', 'Fast Formulas - OTL', 3, 0),
  (gen_random_uuid(), 'ab82b3b2-a03f-416f-980a-a959f1f1ac54', 'HCM - Time & Labor', 3, 1),
  (gen_random_uuid(), 'e65f8fb9-aa49-4fcf-9c10-c81fc838bb9b', 'HCM - Core HR', 3, 0),
  (gen_random_uuid(), 'e65f8fb9-aa49-4fcf-9c10-c81fc838bb9b', 'HCM - ORC', 3, 1),
  (gen_random_uuid(), 'e65f8fb9-aa49-4fcf-9c10-c81fc838bb9b', 'Fast Formulas - Core HR', 2, 2),
  (gen_random_uuid(), 'e65f8fb9-aa49-4fcf-9c10-c81fc838bb9b', 'Journeys - Core HR', 2, 3),
  (gen_random_uuid(), 'e65f8fb9-aa49-4fcf-9c10-c81fc838bb9b', 'Journeys - ORC', 2, 4),
  (gen_random_uuid(), 'e65f8fb9-aa49-4fcf-9c10-c81fc838bb9b', 'ORC - Booster', 2, 5),
  (gen_random_uuid(), '050a1ed5-10e2-4848-94a5-832f1a48eb1c', 'HCM - Time & Labor', 2, 0),
  (gen_random_uuid(), '050a1ed5-10e2-4848-94a5-832f1a48eb1c', 'Fast Formulas - OTL', 3, 1),
  (gen_random_uuid(), '050a1ed5-10e2-4848-94a5-832f1a48eb1c', 'Fast Formulas - Benefits', 2, 2),
  (gen_random_uuid(), '050a1ed5-10e2-4848-94a5-832f1a48eb1c', 'HCM Extracts', 3, 3),
  (gen_random_uuid(), '050a1ed5-10e2-4848-94a5-832f1a48eb1c', 'BIP Reports', 3, 4),
  (gen_random_uuid(), '6562f37e-9c3f-4664-96e5-36541f8fd510', 'Data Conversions - Core HR', 3, 0),
  (gen_random_uuid(), '6562f37e-9c3f-4664-96e5-36541f8fd510', 'Data Conversions - ORC', 2, 1),
  (gen_random_uuid(), '6562f37e-9c3f-4664-96e5-36541f8fd510', 'Data Conversions - Absence Balances', 3, 2),
  (gen_random_uuid(), '6562f37e-9c3f-4664-96e5-36541f8fd510', 'Data Conversions - Payroll', 3, 3),
  (gen_random_uuid(), '6562f37e-9c3f-4664-96e5-36541f8fd510', 'Data Conversions - Benefits', 2, 4),
  (gen_random_uuid(), '6562f37e-9c3f-4664-96e5-36541f8fd510', 'HCM - Compensation', 2, 5),
  (gen_random_uuid(), '7c805a91-7c1a-48c8-bcaf-b78f88d9cbec', 'HCM - Absence Management', 3, 0),
  (gen_random_uuid(), '7c805a91-7c1a-48c8-bcaf-b78f88d9cbec', 'Fast Formulas - Absence', 2, 1),
  (gen_random_uuid(), '7c805a91-7c1a-48c8-bcaf-b78f88d9cbec', 'Journeys - Core HR', 2, 2),
  (gen_random_uuid(), '8c95e6d2-a77e-4d6c-9539-b16e3b566036', 'HCM - Core HR', 3, 0),
  (gen_random_uuid(), '8c95e6d2-a77e-4d6c-9539-b16e3b566036', 'HCM - Absence Management', 3, 1),
  (gen_random_uuid(), '8c95e6d2-a77e-4d6c-9539-b16e3b566036', 'Journeys - Core HR', 2, 2),
  (gen_random_uuid(), 'c37cbda1-3a02-4926-8e54-a42f00f439ca', 'HCM - Payroll Configurations', 3, 0),
  (gen_random_uuid(), 'c37cbda1-3a02-4926-8e54-a42f00f439ca', 'Fast Formulas - Payroll', 3, 1),
  (gen_random_uuid(), 'c37cbda1-3a02-4926-8e54-a42f00f439ca', 'HCM Extracts', 3, 2),
  (gen_random_uuid(), 'c37cbda1-3a02-4926-8e54-a42f00f439ca', 'BIP Reports', 3, 3),
  (gen_random_uuid(), 'c37cbda1-3a02-4926-8e54-a42f00f439ca', 'Fast Formulas - Benefits', 2, 4),
  (gen_random_uuid(), 'c37cbda1-3a02-4926-8e54-a42f00f439ca', 'Fast Formulas - Absence', 2, 5),
  (gen_random_uuid(), '68bb108e-1481-44ea-b553-746c9d54d3d9', 'HCM - Compensation', 3, 0),
  (gen_random_uuid(), '68bb108e-1481-44ea-b553-746c9d54d3d9', 'HCM - Talent Management', 3, 1),
  (gen_random_uuid(), '68bb108e-1481-44ea-b553-746c9d54d3d9', 'HCM - Core HR', 2, 2),
  (gen_random_uuid(), '68bb108e-1481-44ea-b553-746c9d54d3d9', 'HCM - Benefits', 2, 3),
  (gen_random_uuid(), '39629517-4eac-43a1-94fe-38d486843977', 'HCM - Absence Management', 3, 0),
  (gen_random_uuid(), '39629517-4eac-43a1-94fe-38d486843977', 'Fast Formulas - Absence', 3, 1),
  (gen_random_uuid(), '39629517-4eac-43a1-94fe-38d486843977', 'HCM  - Security', 3, 2),
  (gen_random_uuid(), '39629517-4eac-43a1-94fe-38d486843977', 'Workflows/Approvals - Core HR', 3, 3),
  (gen_random_uuid(), '39629517-4eac-43a1-94fe-38d486843977', 'Workflows/Approvals - Absence Management', 3, 4),
  (gen_random_uuid(), 'e0759114-fcb7-4ed3-b1da-9bdfe0265266', 'Data Conversions - Core HR', 1, 0),
  (gen_random_uuid(), '4c189eba-5cd3-46f4-bd94-300d4bb09153', 'Practice Management', 3, 0),
  (gen_random_uuid(), '4c189eba-5cd3-46f4-bd94-300d4bb09153', 'Project Management', 3, 1);

-- ================================================================
-- ASSIGNMENTS  (weekly hours per employee per project)
-- ================================================================
INSERT INTO assignments (id, employee_id, project_id, week_start, hours) VALUES
  ('d9495ca5-a7ee-4cb2-addb-68072769178c', '6e16f7bf-3002-405b-b55d-bbf90b78c750', 'f54a4e13-8225-485b-8442-52250e5f7307', '2026-04-20', 20),
  ('451cb014-bdae-4ae6-ab98-b69c5ee1a7d4', 'e0f784e5-8ffb-48a2-b03d-f7ffab91a001', '071d4b46-9f2f-4545-8cf8-c32d74983447', '2026-04-20', 20),
  ('e46d70fc-729d-40f8-8742-bd8d2335d19d', 'e0f784e5-8ffb-48a2-b03d-f7ffab91a001', 'f54a4e13-8225-485b-8442-52250e5f7307', '2026-04-20', 20),
  ('6b9b763c-f4a2-4ae5-96b7-1d432c591b16', '6e16f7bf-3002-405b-b55d-bbf90b78c750', '269329f8-45bb-4779-8463-c1ad5d31138e', '2026-04-20', 20),
  ('b1f348e5-bf2a-4244-a214-1bafd3f6dc6d', '65f6d5d7-60fb-4dfb-b12b-5a1f5ceb24de', 'f54a4e13-8225-485b-8442-52250e5f7307', '2026-04-20', 20),
  ('7b4e3957-35f3-4691-b4c7-5d81d9f4a03b', '65f6d5d7-60fb-4dfb-b12b-5a1f5ceb24de', '28038298-9a38-44c2-844b-a6699e49b54e', '2026-04-20', 10),
  ('2dd0435c-b722-4a54-8eb0-d9c3c7ea7eec', '65f6d5d7-60fb-4dfb-b12b-5a1f5ceb24de', '269329f8-45bb-4779-8463-c1ad5d31138e', '2026-04-20', 15),
  ('0dbe8e95-61a2-4e04-a069-805299278a61', '9860b839-2e2c-4223-b2ca-e23a292c682a', 'f54a4e13-8225-485b-8442-52250e5f7307', '2026-04-20', 25),
  ('1603bde2-677a-4d5b-8e4a-214bb0c4e967', '37873a67-4b71-44af-9cba-975a9bfe1a61', 'f54a4e13-8225-485b-8442-52250e5f7307', '2026-04-20', 40),
  ('b05ef982-a9b4-4712-a0a1-bc31c7bf4e63', '37873a67-4b71-44af-9cba-975a9bfe1a61', 'f54a4e13-8225-485b-8442-52250e5f7307', '2026-04-27', 40),
  ('b94bbafe-2b81-40fc-9962-6dac2a61b565', '37873a67-4b71-44af-9cba-975a9bfe1a61', 'f54a4e13-8225-485b-8442-52250e5f7307', '2026-05-04', 40),
  ('3bd28c57-efa8-4cd2-905b-d30651203163', '37873a67-4b71-44af-9cba-975a9bfe1a61', 'f54a4e13-8225-485b-8442-52250e5f7307', '2026-05-11', 40),
  ('361c2783-2c93-4584-8f06-2a4930fbb7fd', '37873a67-4b71-44af-9cba-975a9bfe1a61', 'f54a4e13-8225-485b-8442-52250e5f7307', '2026-05-18', 40),
  ('332c9ac0-18ae-46cd-a5cd-a80ac68aaf95', '37873a67-4b71-44af-9cba-975a9bfe1a61', 'f54a4e13-8225-485b-8442-52250e5f7307', '2026-05-25', 40),
  ('16118d81-28c1-4a3a-a708-57beed2f4a02', '37873a67-4b71-44af-9cba-975a9bfe1a61', 'f54a4e13-8225-485b-8442-52250e5f7307', '2026-06-01', 40),
  ('0e18835c-b4ea-4953-b941-a3d3421a7944', '37873a67-4b71-44af-9cba-975a9bfe1a61', 'f54a4e13-8225-485b-8442-52250e5f7307', '2026-06-08', 40),
  ('b447b319-9b80-471e-bde3-cbfca4354d83', '37873a67-4b71-44af-9cba-975a9bfe1a61', 'f54a4e13-8225-485b-8442-52250e5f7307', '2026-06-15', 40),
  ('d018e895-916c-4dd0-b133-0e3c43c2bed4', '37873a67-4b71-44af-9cba-975a9bfe1a61', 'f54a4e13-8225-485b-8442-52250e5f7307', '2026-06-22', 40),
  ('0e6c79f6-3028-451b-918f-4b5bb6b15b7d', '37873a67-4b71-44af-9cba-975a9bfe1a61', 'f54a4e13-8225-485b-8442-52250e5f7307', '2026-06-29', 40),
  ('26b86c70-1286-4c91-8ea6-cd8095c16d1b', '37873a67-4b71-44af-9cba-975a9bfe1a61', 'f54a4e13-8225-485b-8442-52250e5f7307', '2026-07-06', 40),
  ('1c280012-0fba-41a3-ad5c-b8bcebf9a7fb', '37873a67-4b71-44af-9cba-975a9bfe1a61', 'f54a4e13-8225-485b-8442-52250e5f7307', '2026-07-13', 40),
  ('698743c4-ec64-475e-a1f7-8ba7acfa6603', '37873a67-4b71-44af-9cba-975a9bfe1a61', 'f54a4e13-8225-485b-8442-52250e5f7307', '2026-07-20', 40),
  ('31bcec35-c38f-4d14-939a-758024d9ebc7', '37873a67-4b71-44af-9cba-975a9bfe1a61', 'f54a4e13-8225-485b-8442-52250e5f7307', '2026-07-27', 40),
  ('3c03daeb-e6f1-45ea-afe9-46e9fd24a535', '37873a67-4b71-44af-9cba-975a9bfe1a61', 'f54a4e13-8225-485b-8442-52250e5f7307', '2026-08-03', 40),
  ('a1c37b49-a184-4ab4-be50-11f731bf70b1', '37873a67-4b71-44af-9cba-975a9bfe1a61', 'f54a4e13-8225-485b-8442-52250e5f7307', '2026-08-10', 40),
  ('d878731d-2bb4-437e-a805-c1d0a2464a05', '37873a67-4b71-44af-9cba-975a9bfe1a61', 'f54a4e13-8225-485b-8442-52250e5f7307', '2026-08-17', 40),
  ('ca1230ea-949d-45f6-855a-077e0e6854b6', '37873a67-4b71-44af-9cba-975a9bfe1a61', 'f54a4e13-8225-485b-8442-52250e5f7307', '2026-08-24', 40),
  ('13070d80-905c-4f83-8b07-480064bbe8f2', '37873a67-4b71-44af-9cba-975a9bfe1a61', 'f54a4e13-8225-485b-8442-52250e5f7307', '2026-08-31', 40),
  ('d8ad22af-0845-4b3c-a913-db68b31fac2b', '37873a67-4b71-44af-9cba-975a9bfe1a61', 'f54a4e13-8225-485b-8442-52250e5f7307', '2026-09-07', 40),
  ('24c92f25-ee43-4a48-bf3b-95b075142108', '37873a67-4b71-44af-9cba-975a9bfe1a61', 'f54a4e13-8225-485b-8442-52250e5f7307', '2026-09-14', 40),
  ('355b5488-2821-46af-acba-86a661ada10f', '37873a67-4b71-44af-9cba-975a9bfe1a61', 'f54a4e13-8225-485b-8442-52250e5f7307', '2026-09-21', 40),
  ('e1289788-b55a-4f28-a5be-bfcc4334672a', '37873a67-4b71-44af-9cba-975a9bfe1a61', 'f54a4e13-8225-485b-8442-52250e5f7307', '2026-09-28', 40),
  ('5c0baa3d-a374-4a73-a4eb-89fad04a75bf', '37873a67-4b71-44af-9cba-975a9bfe1a61', 'f54a4e13-8225-485b-8442-52250e5f7307', '2026-10-05', 40),
  ('f8625203-a51e-41ed-a9cd-b1e410b38e1e', '37873a67-4b71-44af-9cba-975a9bfe1a61', 'f54a4e13-8225-485b-8442-52250e5f7307', '2026-10-12', 40),
  ('4178432e-8e21-40a2-ab5c-f32bef489420', '37873a67-4b71-44af-9cba-975a9bfe1a61', 'f54a4e13-8225-485b-8442-52250e5f7307', '2026-10-19', 40),
  ('ff9c85c1-8714-46b8-a0c4-2ea093cad817', '37873a67-4b71-44af-9cba-975a9bfe1a61', 'f54a4e13-8225-485b-8442-52250e5f7307', '2026-10-26', 40),
  ('9f535fd0-0467-422e-b331-eab985e63a6d', '37873a67-4b71-44af-9cba-975a9bfe1a61', 'f54a4e13-8225-485b-8442-52250e5f7307', '2026-11-02', 40),
  ('339935ac-dee0-4706-ba93-a293b5a509fe', '37873a67-4b71-44af-9cba-975a9bfe1a61', 'f54a4e13-8225-485b-8442-52250e5f7307', '2026-11-09', 40),
  ('d57cbb15-f080-4187-a7ae-45cf71e399f1', '37873a67-4b71-44af-9cba-975a9bfe1a61', 'f54a4e13-8225-485b-8442-52250e5f7307', '2026-11-16', 40),
  ('bdeb51c7-bbd6-49c0-896c-5eae3cedf19a', '37873a67-4b71-44af-9cba-975a9bfe1a61', 'f54a4e13-8225-485b-8442-52250e5f7307', '2026-11-23', 40),
  ('3730fad8-dbe2-45a8-b1ec-5ecc8438de55', '37873a67-4b71-44af-9cba-975a9bfe1a61', 'f54a4e13-8225-485b-8442-52250e5f7307', '2026-11-30', 40),
  ('082c852b-f33e-4c7e-a315-4e64747ce749', '37873a67-4b71-44af-9cba-975a9bfe1a61', 'f54a4e13-8225-485b-8442-52250e5f7307', '2026-12-07', 40),
  ('efa5decd-71e5-46e4-b322-a665bc6e6cae', '37873a67-4b71-44af-9cba-975a9bfe1a61', 'f54a4e13-8225-485b-8442-52250e5f7307', '2026-12-14', 40),
  ('7560ad12-bdad-41cf-a9e8-a6f720a847ee', '37873a67-4b71-44af-9cba-975a9bfe1a61', 'f54a4e13-8225-485b-8442-52250e5f7307', '2026-12-21', 40),
  ('381d6528-cd29-4a45-9419-49753680478f', '37873a67-4b71-44af-9cba-975a9bfe1a61', 'f54a4e13-8225-485b-8442-52250e5f7307', '2026-12-28', 40),
  ('364a4078-4894-459c-95e6-d68971898c08', '9860b839-2e2c-4223-b2ca-e23a292c682a', 'f54a4e13-8225-485b-8442-52250e5f7307', '2026-04-27', 25),
  ('b8bd85af-bf89-401b-8d70-89e8c2b0fcc0', '9860b839-2e2c-4223-b2ca-e23a292c682a', 'f54a4e13-8225-485b-8442-52250e5f7307', '2026-05-04', 25),
  ('8554f535-aae0-4834-a06b-da7d0793963a', '9860b839-2e2c-4223-b2ca-e23a292c682a', 'f54a4e13-8225-485b-8442-52250e5f7307', '2026-05-11', 25),
  ('4415ca3b-f2fb-4661-8d2d-7d8e38e63360', '9860b839-2e2c-4223-b2ca-e23a292c682a', 'f54a4e13-8225-485b-8442-52250e5f7307', '2026-05-18', 25),
  ('0168cfdf-85a4-47bc-a163-3bda2c6e3eda', '9860b839-2e2c-4223-b2ca-e23a292c682a', 'f54a4e13-8225-485b-8442-52250e5f7307', '2026-05-25', 25),
  ('a19d4db5-a5aa-4983-8c91-cc5fe068a7e7', '9860b839-2e2c-4223-b2ca-e23a292c682a', 'f54a4e13-8225-485b-8442-52250e5f7307', '2026-06-01', 25),
  ('b9b5f8c2-9695-43a6-a445-cf71e310f3e6', '9860b839-2e2c-4223-b2ca-e23a292c682a', 'f54a4e13-8225-485b-8442-52250e5f7307', '2026-06-08', 25),
  ('bfdabf8e-5487-4c5e-835f-5eadddc7a93f', '9860b839-2e2c-4223-b2ca-e23a292c682a', 'f54a4e13-8225-485b-8442-52250e5f7307', '2026-06-15', 25),
  ('8a4ea9c0-762e-447a-a069-bfa9d18129bc', '9860b839-2e2c-4223-b2ca-e23a292c682a', 'f54a4e13-8225-485b-8442-52250e5f7307', '2026-06-22', 25),
  ('982bd63c-6f0e-4d7f-9f50-4248945103dc', '9860b839-2e2c-4223-b2ca-e23a292c682a', 'f54a4e13-8225-485b-8442-52250e5f7307', '2026-06-29', 25),
  ('f6662ea0-9377-4579-a0ee-aaaeb8990151', '9860b839-2e2c-4223-b2ca-e23a292c682a', 'f54a4e13-8225-485b-8442-52250e5f7307', '2026-07-06', 25),
  ('c33105b3-4dbe-493d-9816-b02170f6271d', '9860b839-2e2c-4223-b2ca-e23a292c682a', 'f54a4e13-8225-485b-8442-52250e5f7307', '2026-07-13', 25),
  ('a899397a-f44b-455d-9d5c-73ead37ad810', '9860b839-2e2c-4223-b2ca-e23a292c682a', 'f54a4e13-8225-485b-8442-52250e5f7307', '2026-07-20', 25),
  ('8ae9e91b-f1a7-4571-a98f-8e84714aae17', '9860b839-2e2c-4223-b2ca-e23a292c682a', 'f54a4e13-8225-485b-8442-52250e5f7307', '2026-07-27', 25),
  ('f879e232-2971-4c12-b5d6-be966ea6fae4', '9860b839-2e2c-4223-b2ca-e23a292c682a', 'f54a4e13-8225-485b-8442-52250e5f7307', '2026-08-03', 25),
  ('563f2553-152c-4bc1-91af-9cca53d7d912', '9860b839-2e2c-4223-b2ca-e23a292c682a', 'f54a4e13-8225-485b-8442-52250e5f7307', '2026-08-10', 25),
  ('dd250b59-3d6a-4189-b3bd-d74e783569a9', '9860b839-2e2c-4223-b2ca-e23a292c682a', 'f54a4e13-8225-485b-8442-52250e5f7307', '2026-08-17', 25),
  ('10328aa1-9b49-46f7-af29-59fd983341ce', '9860b839-2e2c-4223-b2ca-e23a292c682a', 'f54a4e13-8225-485b-8442-52250e5f7307', '2026-08-24', 25),
  ('8776c4fa-eaa7-450d-8d9f-88765542b726', '9860b839-2e2c-4223-b2ca-e23a292c682a', 'f54a4e13-8225-485b-8442-52250e5f7307', '2026-08-31', 25),
  ('011a8022-b01f-412a-90aa-14857b567a74', '9860b839-2e2c-4223-b2ca-e23a292c682a', 'f54a4e13-8225-485b-8442-52250e5f7307', '2026-09-07', 25),
  ('ae86b51a-84a3-4921-9622-1b29b00200d3', '9860b839-2e2c-4223-b2ca-e23a292c682a', 'f54a4e13-8225-485b-8442-52250e5f7307', '2026-09-14', 25),
  ('18f4e630-af84-41cb-9c1b-de4208db48ba', '9860b839-2e2c-4223-b2ca-e23a292c682a', 'f54a4e13-8225-485b-8442-52250e5f7307', '2026-09-21', 25),
  ('4b9b530b-fd49-4651-8a8e-56b79da5ac13', '9860b839-2e2c-4223-b2ca-e23a292c682a', 'f54a4e13-8225-485b-8442-52250e5f7307', '2026-09-28', 25),
  ('a3f38a28-55b7-4ee2-8ba4-6a538aa8d4b5', '9860b839-2e2c-4223-b2ca-e23a292c682a', 'f54a4e13-8225-485b-8442-52250e5f7307', '2026-10-05', 25),
  ('0ba50861-e7c9-41e8-a8f8-cd38f6596ed1', '9860b839-2e2c-4223-b2ca-e23a292c682a', 'f54a4e13-8225-485b-8442-52250e5f7307', '2026-10-12', 25),
  ('c2327fc7-0493-47d7-be23-528d022d468d', '9860b839-2e2c-4223-b2ca-e23a292c682a', 'f54a4e13-8225-485b-8442-52250e5f7307', '2026-10-19', 25),
  ('213f2462-68b6-41c0-99ed-7807672c6d5e', '9860b839-2e2c-4223-b2ca-e23a292c682a', 'f54a4e13-8225-485b-8442-52250e5f7307', '2026-10-26', 25),
  ('62282cdc-1117-444a-a76d-cb782afeff06', '9860b839-2e2c-4223-b2ca-e23a292c682a', 'f54a4e13-8225-485b-8442-52250e5f7307', '2026-11-02', 25),
  ('1890441a-ff87-4e90-b564-bbf2d71aea79', '9860b839-2e2c-4223-b2ca-e23a292c682a', 'f54a4e13-8225-485b-8442-52250e5f7307', '2026-11-09', 25),
  ('977ddf99-1671-4abd-982f-e831e0a160bb', '9860b839-2e2c-4223-b2ca-e23a292c682a', 'f54a4e13-8225-485b-8442-52250e5f7307', '2026-11-16', 25),
  ('5d2054dc-b70c-482b-9a16-4f59707bdc1e', '9860b839-2e2c-4223-b2ca-e23a292c682a', 'f54a4e13-8225-485b-8442-52250e5f7307', '2026-11-23', 25),
  ('d93c4af5-fedd-4de8-a2ec-0cc845bfefb1', '9860b839-2e2c-4223-b2ca-e23a292c682a', 'f54a4e13-8225-485b-8442-52250e5f7307', '2026-11-30', 25),
  ('a8a3e604-5f2a-4fb5-b3f0-d1ccdf314042', '9860b839-2e2c-4223-b2ca-e23a292c682a', 'f54a4e13-8225-485b-8442-52250e5f7307', '2026-12-07', 25),
  ('974aca28-0275-4305-8176-74d838b7bdae', '9860b839-2e2c-4223-b2ca-e23a292c682a', 'f54a4e13-8225-485b-8442-52250e5f7307', '2026-12-14', 25),
  ('c8958d44-250b-4d0b-9193-b7cc535b74fb', '9860b839-2e2c-4223-b2ca-e23a292c682a', 'f54a4e13-8225-485b-8442-52250e5f7307', '2026-12-21', 25),
  ('1cb1c80d-b74b-4f69-8723-e5142cc1f0e5', '9860b839-2e2c-4223-b2ca-e23a292c682a', 'f54a4e13-8225-485b-8442-52250e5f7307', '2026-12-28', 25),
  ('281c5084-8429-4af2-86fe-07c1c34136a3', '8c6d9163-dbc5-4483-9153-1b315782c679', 'f9c66f5c-ad7f-40d0-8bb4-8e9639cc8143', '2026-04-20', 8),
  ('5b625f28-c6d0-4277-9590-bb24458cbfaf', '8c6d9163-dbc5-4483-9153-1b315782c679', '2e1107cc-5c31-4c5b-ad81-952727390e80', '2026-04-20', 8),
  ('259f03a7-391d-47ea-8040-563789f5d034', '8c6d9163-dbc5-4483-9153-1b315782c679', 'f54a4e13-8225-485b-8442-52250e5f7307', '2026-04-20', 24),
  ('67d21dbc-721f-4f12-be12-011eb7d3a144', '8c6d9163-dbc5-4483-9153-1b315782c679', 'f54a4e13-8225-485b-8442-52250e5f7307', '2026-04-27', 24),
  ('f3626c22-89bc-43b5-acfe-34f72a8faff6', '8c6d9163-dbc5-4483-9153-1b315782c679', 'f54a4e13-8225-485b-8442-52250e5f7307', '2026-05-04', 24),
  ('30c37ac2-5be8-4969-a6b6-9ee8677041ac', '8c6d9163-dbc5-4483-9153-1b315782c679', 'f54a4e13-8225-485b-8442-52250e5f7307', '2026-05-11', 24),
  ('4b4ab1c4-431f-4766-8ea9-7d8241c8f11a', '8c6d9163-dbc5-4483-9153-1b315782c679', 'f54a4e13-8225-485b-8442-52250e5f7307', '2026-05-18', 24),
  ('5f6e67b7-77d6-4683-9204-d58e5d815699', '8c6d9163-dbc5-4483-9153-1b315782c679', 'f54a4e13-8225-485b-8442-52250e5f7307', '2026-05-25', 24),
  ('3d6d9c57-64d4-4d9d-a142-26b54a8b6280', '8c6d9163-dbc5-4483-9153-1b315782c679', 'f54a4e13-8225-485b-8442-52250e5f7307', '2026-06-01', 24),
  ('c806f099-ebf9-4eed-9c81-354b8aae48db', '8c6d9163-dbc5-4483-9153-1b315782c679', 'f54a4e13-8225-485b-8442-52250e5f7307', '2026-06-08', 24),
  ('e41fa99d-f7d0-4024-ae54-71ff5a03c09c', '8c6d9163-dbc5-4483-9153-1b315782c679', 'f54a4e13-8225-485b-8442-52250e5f7307', '2026-06-15', 24),
  ('fbc41f69-0bd9-4c8e-a5ed-473c06ae0bde', '8c6d9163-dbc5-4483-9153-1b315782c679', 'f54a4e13-8225-485b-8442-52250e5f7307', '2026-06-22', 24),
  ('3e2249dd-acd3-47d2-8afa-516edef2ca07', '8c6d9163-dbc5-4483-9153-1b315782c679', 'f54a4e13-8225-485b-8442-52250e5f7307', '2026-06-29', 24),
  ('b9ad942f-6b8f-4e05-a331-da09a7b75e29', '8c6d9163-dbc5-4483-9153-1b315782c679', 'f54a4e13-8225-485b-8442-52250e5f7307', '2026-07-06', 24),
  ('8aba481f-7ede-4472-bcdd-851f646567fc', '8c6d9163-dbc5-4483-9153-1b315782c679', 'f54a4e13-8225-485b-8442-52250e5f7307', '2026-07-13', 24),
  ('521cb474-af1f-423a-bc11-d66d23eb4322', '8c6d9163-dbc5-4483-9153-1b315782c679', 'f54a4e13-8225-485b-8442-52250e5f7307', '2026-07-20', 24),
  ('35e44de1-b021-4140-992e-e9c5ce05a3dd', '8c6d9163-dbc5-4483-9153-1b315782c679', 'f54a4e13-8225-485b-8442-52250e5f7307', '2026-07-27', 24),
  ('808931e7-87b3-4011-b2f2-d877b798cde7', '8c6d9163-dbc5-4483-9153-1b315782c679', 'f54a4e13-8225-485b-8442-52250e5f7307', '2026-08-03', 24),
  ('5040e71d-03db-4e9b-a8d0-357759a13f55', '8c6d9163-dbc5-4483-9153-1b315782c679', 'f54a4e13-8225-485b-8442-52250e5f7307', '2026-08-10', 24),
  ('33bcda08-3d13-44dc-846e-d72c7a3720fb', '8c6d9163-dbc5-4483-9153-1b315782c679', 'f54a4e13-8225-485b-8442-52250e5f7307', '2026-08-17', 24),
  ('d46d5e01-ef8d-42b3-aafc-f829b92e3203', '8c6d9163-dbc5-4483-9153-1b315782c679', 'f54a4e13-8225-485b-8442-52250e5f7307', '2026-08-24', 24),
  ('89ac781d-43fd-408d-8e5e-214e04a6b713', '8c6d9163-dbc5-4483-9153-1b315782c679', 'f54a4e13-8225-485b-8442-52250e5f7307', '2026-08-31', 24),
  ('b7311365-41ec-4f98-88ef-b140183a2372', '8c6d9163-dbc5-4483-9153-1b315782c679', 'f54a4e13-8225-485b-8442-52250e5f7307', '2026-09-07', 24),
  ('0edb0902-93b9-4983-aa1b-332dec296e85', '8c6d9163-dbc5-4483-9153-1b315782c679', 'f54a4e13-8225-485b-8442-52250e5f7307', '2026-09-14', 24),
  ('ccebf094-3785-4146-9dc7-748165821151', '8c6d9163-dbc5-4483-9153-1b315782c679', 'f54a4e13-8225-485b-8442-52250e5f7307', '2026-09-21', 24),
  ('6febeb41-db66-47a6-ac6a-25988ba7d1a6', '8c6d9163-dbc5-4483-9153-1b315782c679', 'f54a4e13-8225-485b-8442-52250e5f7307', '2026-09-28', 24),
  ('11d1858a-4b88-4794-81fc-298e1ab201b9', '8c6d9163-dbc5-4483-9153-1b315782c679', 'f54a4e13-8225-485b-8442-52250e5f7307', '2026-10-05', 24),
  ('d56bb7a2-e163-4e0a-a368-959ce52d5c1e', '8c6d9163-dbc5-4483-9153-1b315782c679', 'f54a4e13-8225-485b-8442-52250e5f7307', '2026-10-12', 24),
  ('de9ad5dd-7ed5-4d1f-93fc-7ddb0a84d193', '8c6d9163-dbc5-4483-9153-1b315782c679', 'f54a4e13-8225-485b-8442-52250e5f7307', '2026-10-19', 24),
  ('52262808-e278-4e25-9607-13133484dd6f', '8c6d9163-dbc5-4483-9153-1b315782c679', 'f54a4e13-8225-485b-8442-52250e5f7307', '2026-10-26', 24),
  ('2790fe39-a392-42d2-8b73-1145971788b0', '8c6d9163-dbc5-4483-9153-1b315782c679', 'f54a4e13-8225-485b-8442-52250e5f7307', '2026-11-02', 24),
  ('a9f4e311-4b05-4a1d-bbab-71b6e8774678', '8c6d9163-dbc5-4483-9153-1b315782c679', 'f54a4e13-8225-485b-8442-52250e5f7307', '2026-11-09', 24),
  ('f446476b-c635-46bd-bfde-812e9aef01af', '8c6d9163-dbc5-4483-9153-1b315782c679', 'f54a4e13-8225-485b-8442-52250e5f7307', '2026-11-16', 24),
  ('b6e522b1-c8b9-4c4f-9c4f-c2f3c2250141', '8c6d9163-dbc5-4483-9153-1b315782c679', 'f54a4e13-8225-485b-8442-52250e5f7307', '2026-11-23', 24),
  ('e47ef788-e159-43f7-817a-f0f84c4b5a81', '8c6d9163-dbc5-4483-9153-1b315782c679', 'f54a4e13-8225-485b-8442-52250e5f7307', '2026-11-30', 24),
  ('734458ba-7f81-4d70-9159-f0262e57374e', '8c6d9163-dbc5-4483-9153-1b315782c679', 'f54a4e13-8225-485b-8442-52250e5f7307', '2026-12-07', 24),
  ('4559fd6e-b2d0-426d-95b4-1e9f297d9ccd', '8c6d9163-dbc5-4483-9153-1b315782c679', 'f54a4e13-8225-485b-8442-52250e5f7307', '2026-12-14', 24),
  ('ed44711a-dd84-440a-a832-74b2998d3916', '8c6d9163-dbc5-4483-9153-1b315782c679', 'f54a4e13-8225-485b-8442-52250e5f7307', '2026-12-21', 24),
  ('808925f8-e321-40bc-a4f9-cdbe9c9d04f4', '8c6d9163-dbc5-4483-9153-1b315782c679', 'f54a4e13-8225-485b-8442-52250e5f7307', '2026-12-28', 24),
  ('432561f5-ada1-42f2-b425-76a5eeeae167', '8c6d9163-dbc5-4483-9153-1b315782c679', 'f54a4e13-8225-485b-8442-52250e5f7307', '2027-01-04', 24),
  ('e6209ebe-062e-45d4-88b0-832e3ce11d99', '8c6d9163-dbc5-4483-9153-1b315782c679', 'f54a4e13-8225-485b-8442-52250e5f7307', '2027-01-11', 24),
  ('ff949903-c3e9-44cc-bfa1-91ba55750a68', '8c6d9163-dbc5-4483-9153-1b315782c679', 'f54a4e13-8225-485b-8442-52250e5f7307', '2027-01-18', 24),
  ('d90a3454-d410-4e0c-a3e5-83f53218383e', '8c6d9163-dbc5-4483-9153-1b315782c679', 'f54a4e13-8225-485b-8442-52250e5f7307', '2027-01-25', 24),
  ('0436da2f-a94f-446f-949b-93e8f7f595c9', '8c6d9163-dbc5-4483-9153-1b315782c679', 'f54a4e13-8225-485b-8442-52250e5f7307', '2027-02-01', 24),
  ('004cbe31-b94c-4254-a671-671487599313', '8c6d9163-dbc5-4483-9153-1b315782c679', 'f54a4e13-8225-485b-8442-52250e5f7307', '2027-02-08', 24),
  ('4a371b6c-63b4-43b3-bde2-6698e1c8f1a6', '8c6d9163-dbc5-4483-9153-1b315782c679', 'f54a4e13-8225-485b-8442-52250e5f7307', '2027-02-15', 24),
  ('54fc9089-f181-440f-816a-7eaa8c14ef4b', '8c6d9163-dbc5-4483-9153-1b315782c679', 'f54a4e13-8225-485b-8442-52250e5f7307', '2027-02-22', 24),
  ('7f7d2660-69d2-437f-99c9-5b08cee258b7', '8c6d9163-dbc5-4483-9153-1b315782c679', 'f54a4e13-8225-485b-8442-52250e5f7307', '2027-03-01', 24),
  ('acb73373-9940-45db-8414-144eb4b51a3b', '8c6d9163-dbc5-4483-9153-1b315782c679', 'f54a4e13-8225-485b-8442-52250e5f7307', '2027-03-08', 24),
  ('691e06da-98b9-45aa-b976-bdd7ecc6ad2c', '8c6d9163-dbc5-4483-9153-1b315782c679', 'f54a4e13-8225-485b-8442-52250e5f7307', '2027-03-15', 24),
  ('823319ac-e924-420d-ab68-82fe94a995fe', '8c6d9163-dbc5-4483-9153-1b315782c679', 'f54a4e13-8225-485b-8442-52250e5f7307', '2027-03-22', 24),
  ('f185b7a8-568b-48fd-bec4-b465f15f7608', '8c6d9163-dbc5-4483-9153-1b315782c679', 'f54a4e13-8225-485b-8442-52250e5f7307', '2027-03-29', 24),
  ('e00a9b87-beb3-4701-b6ce-354d2cfa7603', '8c6d9163-dbc5-4483-9153-1b315782c679', 'f54a4e13-8225-485b-8442-52250e5f7307', '2027-04-05', 24),
  ('fd9b036f-5b3e-4e14-9e11-47b51d248144', '8c6d9163-dbc5-4483-9153-1b315782c679', 'f54a4e13-8225-485b-8442-52250e5f7307', '2027-04-12', 24),
  ('ca8c8a76-100e-45c5-bd49-a85ed8a13b5e', '8c6d9163-dbc5-4483-9153-1b315782c679', 'f54a4e13-8225-485b-8442-52250e5f7307', '2027-04-19', 24),
  ('07cdbed7-57e6-45dc-b91e-78ede9922ca0', '8c6d9163-dbc5-4483-9153-1b315782c679', 'f54a4e13-8225-485b-8442-52250e5f7307', '2027-04-26', 24),
  ('45802f0a-20c1-43f3-8764-ff7474e22c84', '8c6d9163-dbc5-4483-9153-1b315782c679', 'f54a4e13-8225-485b-8442-52250e5f7307', '2027-05-03', 24),
  ('2f5da55c-658b-441c-a124-29b984351400', '8c6d9163-dbc5-4483-9153-1b315782c679', 'f54a4e13-8225-485b-8442-52250e5f7307', '2027-05-10', 24),
  ('c7285a76-5e16-4005-9b8e-2edc17338109', '8c6d9163-dbc5-4483-9153-1b315782c679', 'f54a4e13-8225-485b-8442-52250e5f7307', '2027-05-17', 24),
  ('787d50a6-bc5c-4766-806e-45dc1b24cfa1', '8c6d9163-dbc5-4483-9153-1b315782c679', 'f54a4e13-8225-485b-8442-52250e5f7307', '2027-05-24', 24),
  ('d465b73c-76d2-49bd-8f21-ae113fb8ff22', '8c6d9163-dbc5-4483-9153-1b315782c679', 'f54a4e13-8225-485b-8442-52250e5f7307', '2027-05-31', 24),
  ('05a2c821-6bff-4877-9d66-5a6015e5d437', '8c6d9163-dbc5-4483-9153-1b315782c679', 'f54a4e13-8225-485b-8442-52250e5f7307', '2027-06-07', 24),
  ('41666118-31a4-4faf-a465-27a977c12e7c', '8c6d9163-dbc5-4483-9153-1b315782c679', 'f54a4e13-8225-485b-8442-52250e5f7307', '2027-06-14', 24),
  ('258682bf-f61d-4573-a502-a0b87d117488', '8c6d9163-dbc5-4483-9153-1b315782c679', 'f54a4e13-8225-485b-8442-52250e5f7307', '2027-06-21', 24),
  ('7c87d8a9-6567-4a0f-9aa0-b9aa60ed5f72', '8c6d9163-dbc5-4483-9153-1b315782c679', 'f54a4e13-8225-485b-8442-52250e5f7307', '2027-06-28', 24),
  ('12f96bc7-1fdf-453f-aa95-8b8b78cf3942', '8c6d9163-dbc5-4483-9153-1b315782c679', 'f54a4e13-8225-485b-8442-52250e5f7307', '2027-07-05', 24),
  ('9dddbdb8-ddbc-4538-9c26-5096c35fc445', '8c6d9163-dbc5-4483-9153-1b315782c679', 'f54a4e13-8225-485b-8442-52250e5f7307', '2027-07-12', 24),
  ('955ae12d-27b3-42a0-affc-3f63283acbbc', '8c6d9163-dbc5-4483-9153-1b315782c679', 'f54a4e13-8225-485b-8442-52250e5f7307', '2027-07-19', 24),
  ('afd1a899-252a-48f4-8500-f3d1375cb5f6', '8c6d9163-dbc5-4483-9153-1b315782c679', 'f54a4e13-8225-485b-8442-52250e5f7307', '2027-07-26', 24),
  ('68e86f24-656c-4f92-9bf8-ffae71d8d4c1', '4c189eba-5cd3-46f4-bd94-300d4bb09153', 'b7286143-641e-45fc-a0ca-59b241465df4', '2026-04-20', 8),
  ('96fe8cb7-4449-431d-8405-515e1053513d', '4c189eba-5cd3-46f4-bd94-300d4bb09153', 'b7286143-641e-45fc-a0ca-59b241465df4', '2026-04-27', 8),
  ('8bc11f2e-62c4-495e-bdd2-39a43d78a484', '4c189eba-5cd3-46f4-bd94-300d4bb09153', 'b7286143-641e-45fc-a0ca-59b241465df4', '2026-05-04', 8),
  ('3f13aade-dc6a-44ba-a655-b5c0d9792df9', '4c189eba-5cd3-46f4-bd94-300d4bb09153', 'b7286143-641e-45fc-a0ca-59b241465df4', '2026-05-11', 8),
  ('d8e07578-7689-412d-b866-cafff9da9c5f', '4c189eba-5cd3-46f4-bd94-300d4bb09153', '071d4b46-9f2f-4545-8cf8-c32d74983447', '2026-04-20', 5),
  ('df51e267-a916-4905-9863-241e4a60879d', '4c189eba-5cd3-46f4-bd94-300d4bb09153', '071d4b46-9f2f-4545-8cf8-c32d74983447', '2026-04-27', 5),
  ('b89c0e65-e766-486f-817a-a9e97ff04c3d', '4c189eba-5cd3-46f4-bd94-300d4bb09153', '071d4b46-9f2f-4545-8cf8-c32d74983447', '2026-05-04', 5),
  ('583b934f-893f-4951-a1d5-028d598d4048', '4c189eba-5cd3-46f4-bd94-300d4bb09153', '071d4b46-9f2f-4545-8cf8-c32d74983447', '2026-05-11', 5),
  ('abf4cece-e954-4d95-9fe8-27667cf99a85', '4c189eba-5cd3-46f4-bd94-300d4bb09153', '071d4b46-9f2f-4545-8cf8-c32d74983447', '2026-05-18', 5),
  ('ffda5295-ab82-4bb9-8803-a355d10ab430', '4c189eba-5cd3-46f4-bd94-300d4bb09153', '071d4b46-9f2f-4545-8cf8-c32d74983447', '2026-05-25', 5),
  ('bd21e1a1-8009-406c-94ba-63a8e3806162', '4c189eba-5cd3-46f4-bd94-300d4bb09153', '071d4b46-9f2f-4545-8cf8-c32d74983447', '2026-06-01', 5),
  ('2f04b7ef-21ca-497e-85f1-a3289bafc520', '4c189eba-5cd3-46f4-bd94-300d4bb09153', '071d4b46-9f2f-4545-8cf8-c32d74983447', '2026-06-08', 5),
  ('f8d7f50c-1454-48d3-81f1-5f66ac69d52c', '4c189eba-5cd3-46f4-bd94-300d4bb09153', '071d4b46-9f2f-4545-8cf8-c32d74983447', '2026-06-15', 5),
  ('b604c24b-1992-4499-8477-f7f9f4db2340', '4c189eba-5cd3-46f4-bd94-300d4bb09153', '071d4b46-9f2f-4545-8cf8-c32d74983447', '2026-06-22', 5),
  ('c9489cd8-b284-4c81-bd35-727ccf454e8a', '4c189eba-5cd3-46f4-bd94-300d4bb09153', '071d4b46-9f2f-4545-8cf8-c32d74983447', '2026-06-29', 5),
  ('9df32930-0b87-496d-8ac7-b6e6b8dd8256', '4c189eba-5cd3-46f4-bd94-300d4bb09153', '2e1107cc-5c31-4c5b-ad81-952727390e80', '2026-03-30', 3),
  ('d7f692ac-9c53-4069-96e9-0af62c3071c7', '4c189eba-5cd3-46f4-bd94-300d4bb09153', '2e1107cc-5c31-4c5b-ad81-952727390e80', '2026-04-06', 3),
  ('c26d67f6-6956-4500-ba92-7a19f87e5265', '4c189eba-5cd3-46f4-bd94-300d4bb09153', '2e1107cc-5c31-4c5b-ad81-952727390e80', '2026-04-13', 3),
  ('1b19c310-b0c2-452f-9335-bc52801dac3f', '4c189eba-5cd3-46f4-bd94-300d4bb09153', '2e1107cc-5c31-4c5b-ad81-952727390e80', '2026-04-20', 3),
  ('5c93a026-2537-4f0a-af8f-50d26afe5639', '4c189eba-5cd3-46f4-bd94-300d4bb09153', '2e1107cc-5c31-4c5b-ad81-952727390e80', '2026-04-27', 3),
  ('0c1e5df4-ce41-41c6-80ea-94e04c003f12', '4c189eba-5cd3-46f4-bd94-300d4bb09153', '2e1107cc-5c31-4c5b-ad81-952727390e80', '2026-05-04', 3),
  ('1b571c76-7f2d-4041-888c-ce16b589b5ae', '4c189eba-5cd3-46f4-bd94-300d4bb09153', '2e1107cc-5c31-4c5b-ad81-952727390e80', '2026-05-11', 3),
  ('3d9e6e1a-833d-4215-ba0b-b4ef52b39c0f', '4c189eba-5cd3-46f4-bd94-300d4bb09153', '2e1107cc-5c31-4c5b-ad81-952727390e80', '2026-05-18', 3),
  ('59d32c55-76e0-4f5e-be2a-83d54d110a43', '4c189eba-5cd3-46f4-bd94-300d4bb09153', '2e1107cc-5c31-4c5b-ad81-952727390e80', '2026-05-25', 3),
  ('06a8a017-5b9b-4e12-8e86-84cdb5c6c7d4', '4c189eba-5cd3-46f4-bd94-300d4bb09153', '2e1107cc-5c31-4c5b-ad81-952727390e80', '2026-06-01', 3),
  ('4c30c552-d987-4fd8-9a43-028609cdfff1', '4c189eba-5cd3-46f4-bd94-300d4bb09153', '2e1107cc-5c31-4c5b-ad81-952727390e80', '2026-06-08', 3),
  ('4645fea1-e36b-457e-bf09-9bb62fdd9eab', '4c189eba-5cd3-46f4-bd94-300d4bb09153', '2e1107cc-5c31-4c5b-ad81-952727390e80', '2026-06-15', 3),
  ('0e3d812c-7816-4751-8fe2-086d4a4f42fe', '4c189eba-5cd3-46f4-bd94-300d4bb09153', '2e1107cc-5c31-4c5b-ad81-952727390e80', '2026-06-22', 3),
  ('755cd8ef-f993-4787-97db-00ee2b1c1ccc', '4c189eba-5cd3-46f4-bd94-300d4bb09153', '2e1107cc-5c31-4c5b-ad81-952727390e80', '2026-06-29', 3),
  ('d528a3cc-c625-4619-a456-be048a5bd954', '4c189eba-5cd3-46f4-bd94-300d4bb09153', '2e1107cc-5c31-4c5b-ad81-952727390e80', '2026-07-06', 3),
  ('357acd61-6825-4f60-b765-2d725d72f0d9', '4c189eba-5cd3-46f4-bd94-300d4bb09153', '2e1107cc-5c31-4c5b-ad81-952727390e80', '2026-07-13', 3),
  ('90a4ba09-3ffa-4d05-a204-07116ecd3faa', '4c189eba-5cd3-46f4-bd94-300d4bb09153', '2e1107cc-5c31-4c5b-ad81-952727390e80', '2026-07-20', 3),
  ('bb0bb983-98d8-45cd-8a00-ba7b0f8b7926', '4c189eba-5cd3-46f4-bd94-300d4bb09153', '2e1107cc-5c31-4c5b-ad81-952727390e80', '2026-07-27', 3),
  ('f62ff6d5-0fb6-4d0d-81e8-583975390572', '4c189eba-5cd3-46f4-bd94-300d4bb09153', '2e1107cc-5c31-4c5b-ad81-952727390e80', '2026-08-03', 3),
  ('7d359ccd-1169-45a7-804a-c1771b0459b7', '4c189eba-5cd3-46f4-bd94-300d4bb09153', '2e1107cc-5c31-4c5b-ad81-952727390e80', '2026-08-10', 3),
  ('5e9d0344-43e3-4beb-b662-f32779a89a35', '4c189eba-5cd3-46f4-bd94-300d4bb09153', '2e1107cc-5c31-4c5b-ad81-952727390e80', '2026-08-17', 3),
  ('e0968583-d5d8-4ab6-a350-55ac71c506c2', '4c189eba-5cd3-46f4-bd94-300d4bb09153', '2e1107cc-5c31-4c5b-ad81-952727390e80', '2026-08-24', 3),
  ('8943c261-1475-4ac6-bfee-87b10f1ec7f4', '4c189eba-5cd3-46f4-bd94-300d4bb09153', '28038298-9a38-44c2-844b-a6699e49b54e', '2026-04-20', 3),
  ('4ada6eeb-3487-4687-a0eb-0b9229f1283c', '4c189eba-5cd3-46f4-bd94-300d4bb09153', '28038298-9a38-44c2-844b-a6699e49b54e', '2026-04-27', 3),
  ('c0d8409c-d520-48a2-a2ac-1ea8be3f7d0d', '4c189eba-5cd3-46f4-bd94-300d4bb09153', '28038298-9a38-44c2-844b-a6699e49b54e', '2026-05-04', 3),
  ('405196c4-0a4d-4254-843e-a9fa67e61ba7', '4c189eba-5cd3-46f4-bd94-300d4bb09153', '28038298-9a38-44c2-844b-a6699e49b54e', '2026-05-11', 3),
  ('2d44265d-9c9a-4ff2-9fca-7eaf23f61619', '4c189eba-5cd3-46f4-bd94-300d4bb09153', '28038298-9a38-44c2-844b-a6699e49b54e', '2026-05-18', 3),
  ('3c346890-8941-4bfa-a99a-2eec35025bcf', '4c189eba-5cd3-46f4-bd94-300d4bb09153', '28038298-9a38-44c2-844b-a6699e49b54e', '2026-05-25', 3),
  ('2a5a9365-2bdd-4a66-8319-6c5d7e9fbdfa', '4c189eba-5cd3-46f4-bd94-300d4bb09153', '28038298-9a38-44c2-844b-a6699e49b54e', '2026-06-01', 3),
  ('8622cffe-38f3-484d-a60a-d7c36c1e1da4', '4c189eba-5cd3-46f4-bd94-300d4bb09153', '28038298-9a38-44c2-844b-a6699e49b54e', '2026-06-08', 3),
  ('52ab7905-dadf-4e67-9b1f-e0baf856d38c', '4c189eba-5cd3-46f4-bd94-300d4bb09153', '28038298-9a38-44c2-844b-a6699e49b54e', '2026-06-15', 3),
  ('180bd5a8-efaa-4389-a696-fd77df296ef4', '4c189eba-5cd3-46f4-bd94-300d4bb09153', '28038298-9a38-44c2-844b-a6699e49b54e', '2026-06-22', 3),
  ('1d6c17f8-1096-4f51-8c8d-b73c943afffa', '4c189eba-5cd3-46f4-bd94-300d4bb09153', '28038298-9a38-44c2-844b-a6699e49b54e', '2026-06-29', 3),
  ('3dd67b31-b59a-4b1a-ad04-7b9f988d833c', '4c189eba-5cd3-46f4-bd94-300d4bb09153', '28038298-9a38-44c2-844b-a6699e49b54e', '2026-07-06', 3),
  ('cd2d83fb-bad8-4a34-b1a4-07f48f2ae692', '4c189eba-5cd3-46f4-bd94-300d4bb09153', '28038298-9a38-44c2-844b-a6699e49b54e', '2026-07-13', 3);

INSERT INTO assignments (id, employee_id, project_id, week_start, hours) VALUES
  ('4098413a-6cda-412b-875e-b15c8f091c03', '4c189eba-5cd3-46f4-bd94-300d4bb09153', '28038298-9a38-44c2-844b-a6699e49b54e', '2026-07-20', 3),
  ('10fddb15-ae34-41d5-8d1d-96f513bed0e3', '4c189eba-5cd3-46f4-bd94-300d4bb09153', '28038298-9a38-44c2-844b-a6699e49b54e', '2026-07-27', 3),
  ('b8505706-2792-4f14-89cb-b8644b165295', '4c189eba-5cd3-46f4-bd94-300d4bb09153', '28038298-9a38-44c2-844b-a6699e49b54e', '2026-08-03', 3),
  ('cb32c825-077d-4c59-9e05-7059f230c9f9', '4c189eba-5cd3-46f4-bd94-300d4bb09153', '28038298-9a38-44c2-844b-a6699e49b54e', '2026-08-10', 3),
  ('e8baa414-5d6c-430c-8e0a-eb6c9585f4cd', '4c189eba-5cd3-46f4-bd94-300d4bb09153', '28038298-9a38-44c2-844b-a6699e49b54e', '2026-08-17', 3),
  ('5832572c-bd0e-46b8-af41-ed38016c6750', '4c189eba-5cd3-46f4-bd94-300d4bb09153', '28038298-9a38-44c2-844b-a6699e49b54e', '2026-08-24', 3),
  ('7b6fbff4-050b-4742-a1b0-06ad67b9c70b', '4c189eba-5cd3-46f4-bd94-300d4bb09153', '28038298-9a38-44c2-844b-a6699e49b54e', '2026-08-31', 3),
  ('0b40f942-bcb1-4768-856d-c72f5089bdeb', '4c189eba-5cd3-46f4-bd94-300d4bb09153', '28038298-9a38-44c2-844b-a6699e49b54e', '2026-09-07', 3),
  ('015b1861-0627-40fd-8a05-86831f021a46', '4c189eba-5cd3-46f4-bd94-300d4bb09153', '28038298-9a38-44c2-844b-a6699e49b54e', '2026-09-14', 3),
  ('43c308ef-884a-43cf-b1cb-5999b38e623a', '4c189eba-5cd3-46f4-bd94-300d4bb09153', '28038298-9a38-44c2-844b-a6699e49b54e', '2026-09-21', 3),
  ('5c185451-9f05-4cd5-8378-47ed056e89dc', '4c189eba-5cd3-46f4-bd94-300d4bb09153', '28038298-9a38-44c2-844b-a6699e49b54e', '2026-09-28', 3),
  ('a0976fa6-badd-49a0-aa72-ff693b4f1ddf', '4c189eba-5cd3-46f4-bd94-300d4bb09153', '28038298-9a38-44c2-844b-a6699e49b54e', '2026-10-05', 3),
  ('dded0093-028d-4a66-82c1-2baee36d02df', '4c189eba-5cd3-46f4-bd94-300d4bb09153', '28038298-9a38-44c2-844b-a6699e49b54e', '2026-10-12', 3),
  ('228558c3-2c58-4878-a79c-f0d940d95558', '4c189eba-5cd3-46f4-bd94-300d4bb09153', '28038298-9a38-44c2-844b-a6699e49b54e', '2026-10-19', 3),
  ('a98f77f7-9985-47de-b653-117cf0a40463', '4c189eba-5cd3-46f4-bd94-300d4bb09153', '28038298-9a38-44c2-844b-a6699e49b54e', '2026-10-26', 3),
  ('399186f5-468a-48c0-a0d0-e421067b1f76', '4c189eba-5cd3-46f4-bd94-300d4bb09153', '28038298-9a38-44c2-844b-a6699e49b54e', '2026-11-02', 3),
  ('1e428eae-cbf9-45ea-9068-2d32714a5708', '4c189eba-5cd3-46f4-bd94-300d4bb09153', '28038298-9a38-44c2-844b-a6699e49b54e', '2026-11-09', 3),
  ('a8139211-e05b-4106-847a-73b05ba35493', '4c189eba-5cd3-46f4-bd94-300d4bb09153', '28038298-9a38-44c2-844b-a6699e49b54e', '2026-11-16', 3),
  ('f217c6de-1c7f-4ed7-8371-68eb6ac5dd19', '4c189eba-5cd3-46f4-bd94-300d4bb09153', '28038298-9a38-44c2-844b-a6699e49b54e', '2026-11-23', 3),
  ('d09944b4-c4dd-468c-a928-52037beb2a92', '4c189eba-5cd3-46f4-bd94-300d4bb09153', '28038298-9a38-44c2-844b-a6699e49b54e', '2026-11-30', 3),
  ('e2af06ee-dc37-47e3-b6cf-d0eb00c5e76e', '4c189eba-5cd3-46f4-bd94-300d4bb09153', '28038298-9a38-44c2-844b-a6699e49b54e', '2026-12-07', 3),
  ('9e2e480a-f1f3-4117-a59c-2f165fd52ff0', '4c189eba-5cd3-46f4-bd94-300d4bb09153', '28038298-9a38-44c2-844b-a6699e49b54e', '2026-12-14', 3),
  ('23ae7eaf-8911-4b8b-b368-ad6f9361a02d', '4c189eba-5cd3-46f4-bd94-300d4bb09153', '28038298-9a38-44c2-844b-a6699e49b54e', '2026-12-21', 3),
  ('390e83d1-699e-4b6e-aebd-4e4b0c4f97af', '4c189eba-5cd3-46f4-bd94-300d4bb09153', '28038298-9a38-44c2-844b-a6699e49b54e', '2026-12-28', 3),
  ('dee7c40a-4250-4de7-8881-cef428f93ecf', '4c189eba-5cd3-46f4-bd94-300d4bb09153', 'f54a4e13-8225-485b-8442-52250e5f7307', '2026-03-30', 2),
  ('728f280c-f574-42a4-8cab-ec72eb4cadd4', '4c189eba-5cd3-46f4-bd94-300d4bb09153', 'f54a4e13-8225-485b-8442-52250e5f7307', '2026-04-06', 2),
  ('63ab176a-dae7-4b6b-a7cd-7c862c1f933f', '4c189eba-5cd3-46f4-bd94-300d4bb09153', 'f54a4e13-8225-485b-8442-52250e5f7307', '2026-04-13', 2),
  ('0300f666-2601-44ad-b1e6-9e727a432762', '4c189eba-5cd3-46f4-bd94-300d4bb09153', 'f54a4e13-8225-485b-8442-52250e5f7307', '2026-04-20', 2),
  ('a208babf-0d6c-4a21-940a-01812b239a1e', '4c189eba-5cd3-46f4-bd94-300d4bb09153', 'f54a4e13-8225-485b-8442-52250e5f7307', '2026-04-27', 2),
  ('3666afef-c7db-45dc-8933-a8690421d5b8', '4c189eba-5cd3-46f4-bd94-300d4bb09153', 'f54a4e13-8225-485b-8442-52250e5f7307', '2026-05-04', 2),
  ('8010de6e-1b71-41e1-896d-3212172668d4', '4c189eba-5cd3-46f4-bd94-300d4bb09153', 'f54a4e13-8225-485b-8442-52250e5f7307', '2026-05-11', 2),
  ('5f694fcf-ccf0-470f-a529-a99ddabcde57', '4c189eba-5cd3-46f4-bd94-300d4bb09153', 'f54a4e13-8225-485b-8442-52250e5f7307', '2026-05-18', 2),
  ('38d3b808-8a55-49e0-b0e1-2b7b29159be9', '4c189eba-5cd3-46f4-bd94-300d4bb09153', 'f54a4e13-8225-485b-8442-52250e5f7307', '2026-05-25', 2),
  ('78a849df-96d0-49f5-a9f4-2f76345540d2', '4c189eba-5cd3-46f4-bd94-300d4bb09153', 'f54a4e13-8225-485b-8442-52250e5f7307', '2026-06-01', 2),
  ('b1b3bf54-68d2-40de-8566-4a4318f18813', '4c189eba-5cd3-46f4-bd94-300d4bb09153', 'f54a4e13-8225-485b-8442-52250e5f7307', '2026-06-08', 2),
  ('4317db09-51d2-45da-ab26-933f245622ab', '4c189eba-5cd3-46f4-bd94-300d4bb09153', 'f54a4e13-8225-485b-8442-52250e5f7307', '2026-06-15', 2),
  ('28b59fd7-2379-484a-9f72-e01d5fc6bfd1', '4c189eba-5cd3-46f4-bd94-300d4bb09153', 'f54a4e13-8225-485b-8442-52250e5f7307', '2026-06-22', 2),
  ('0c0b890c-b48d-4133-96e5-3c39e66cfdcf', '4c189eba-5cd3-46f4-bd94-300d4bb09153', 'f54a4e13-8225-485b-8442-52250e5f7307', '2026-06-29', 2),
  ('9779b2a8-5d86-4173-bc8e-6d44fce9a2c7', '4c189eba-5cd3-46f4-bd94-300d4bb09153', 'f54a4e13-8225-485b-8442-52250e5f7307', '2026-07-06', 2),
  ('3beaaf6a-1963-459f-a3b8-71f96e29e2da', '4c189eba-5cd3-46f4-bd94-300d4bb09153', 'f54a4e13-8225-485b-8442-52250e5f7307', '2026-07-13', 2),
  ('a6415229-e45a-483e-8283-41b378a286a0', '4c189eba-5cd3-46f4-bd94-300d4bb09153', 'f54a4e13-8225-485b-8442-52250e5f7307', '2026-07-20', 2),
  ('bef386a5-6789-4268-a149-f83b8c47f36c', '4c189eba-5cd3-46f4-bd94-300d4bb09153', 'f54a4e13-8225-485b-8442-52250e5f7307', '2026-07-27', 2),
  ('8becc73b-16d7-4f7f-978f-d49fd53d4dd2', '4c189eba-5cd3-46f4-bd94-300d4bb09153', 'f54a4e13-8225-485b-8442-52250e5f7307', '2026-08-03', 2),
  ('b205b107-e8c4-43c2-9f21-4c02b5186a44', '4c189eba-5cd3-46f4-bd94-300d4bb09153', 'f54a4e13-8225-485b-8442-52250e5f7307', '2026-08-10', 2),
  ('6e0b8093-ef3f-4dfb-96d5-6103f55d62c7', '4c189eba-5cd3-46f4-bd94-300d4bb09153', 'f54a4e13-8225-485b-8442-52250e5f7307', '2026-08-17', 2),
  ('51e378c9-5fd4-4300-b18b-fae4e46b1d50', '4c189eba-5cd3-46f4-bd94-300d4bb09153', 'f54a4e13-8225-485b-8442-52250e5f7307', '2026-08-24', 2),
  ('7a174e07-2435-4eec-8ec4-ad4fd36e04fd', '4c189eba-5cd3-46f4-bd94-300d4bb09153', 'f54a4e13-8225-485b-8442-52250e5f7307', '2026-08-31', 2),
  ('ab7bbdd0-879f-4720-af66-a897c83e7b76', '4c189eba-5cd3-46f4-bd94-300d4bb09153', 'f54a4e13-8225-485b-8442-52250e5f7307', '2026-09-07', 2),
  ('47d9c094-7d0e-4c28-b835-9f9d1f06b73f', '4c189eba-5cd3-46f4-bd94-300d4bb09153', 'f54a4e13-8225-485b-8442-52250e5f7307', '2026-09-14', 2),
  ('edd88790-e16f-46f7-ade9-3ad46b156971', '4c189eba-5cd3-46f4-bd94-300d4bb09153', 'f54a4e13-8225-485b-8442-52250e5f7307', '2026-09-21', 2),
  ('3c4ebfa8-219b-47ab-89b3-b3a3ed94cab6', '4c189eba-5cd3-46f4-bd94-300d4bb09153', 'f54a4e13-8225-485b-8442-52250e5f7307', '2026-09-28', 2),
  ('aa8ff2c6-7dc4-4cc2-97de-8839e0e51d14', '4c189eba-5cd3-46f4-bd94-300d4bb09153', 'f54a4e13-8225-485b-8442-52250e5f7307', '2026-10-05', 2),
  ('3cf165f8-3728-4185-8b7d-cd74a697d627', '4c189eba-5cd3-46f4-bd94-300d4bb09153', 'f54a4e13-8225-485b-8442-52250e5f7307', '2026-10-12', 2),
  ('3b80d62b-25df-4cb5-b48e-667df0e5fdd9', '4c189eba-5cd3-46f4-bd94-300d4bb09153', 'f54a4e13-8225-485b-8442-52250e5f7307', '2026-10-19', 2),
  ('2d0ce01c-65bc-40dd-b3a6-ebf645c57c05', '4c189eba-5cd3-46f4-bd94-300d4bb09153', 'f54a4e13-8225-485b-8442-52250e5f7307', '2026-10-26', 2),
  ('4dbb30ea-70b9-4f0c-ad8b-4b5f86b61b99', '4c189eba-5cd3-46f4-bd94-300d4bb09153', 'f54a4e13-8225-485b-8442-52250e5f7307', '2026-11-02', 2),
  ('3a8571c9-597d-4f1f-953d-5badf81ab3cc', '4c189eba-5cd3-46f4-bd94-300d4bb09153', 'f54a4e13-8225-485b-8442-52250e5f7307', '2026-11-09', 2),
  ('35a8a95f-8809-47cb-bf09-e4b5b92358cd', '4c189eba-5cd3-46f4-bd94-300d4bb09153', 'f54a4e13-8225-485b-8442-52250e5f7307', '2026-11-16', 2),
  ('ff929880-3cf4-4d21-83ef-51a3d43aa553', '4c189eba-5cd3-46f4-bd94-300d4bb09153', 'f54a4e13-8225-485b-8442-52250e5f7307', '2026-11-23', 2),
  ('14ad5fb2-799d-4505-9e42-2b6e412a8191', '4c189eba-5cd3-46f4-bd94-300d4bb09153', 'f54a4e13-8225-485b-8442-52250e5f7307', '2026-11-30', 2),
  ('5e2724d9-1f52-402c-8f86-01c026562600', '4c189eba-5cd3-46f4-bd94-300d4bb09153', 'f54a4e13-8225-485b-8442-52250e5f7307', '2026-12-07', 2),
  ('7e9ea2d7-d134-4bdc-b11b-ccb06398e19a', '4c189eba-5cd3-46f4-bd94-300d4bb09153', 'f54a4e13-8225-485b-8442-52250e5f7307', '2026-12-14', 2),
  ('fcbf27ae-9c79-4d72-af92-2993d9915714', '4c189eba-5cd3-46f4-bd94-300d4bb09153', 'f54a4e13-8225-485b-8442-52250e5f7307', '2026-12-21', 2),
  ('49315eb3-0583-4ac9-8d5b-beba9259991d', '4c189eba-5cd3-46f4-bd94-300d4bb09153', 'f54a4e13-8225-485b-8442-52250e5f7307', '2026-12-28', 2);
